loss,iou_score,f1-score
0.10507041215896606,0.8459252119064331,0.9020482897758484
