loss,iou_score,f1-score
0.11923794448375702,0.8276979923248291,0.8886699080467224
